origine,destination,couleur
.KHǉZR,Bydgoszcz Torun,vert
.KHǉZR,Tczew,vert
1 2 3,Alexandroupolis,rouge
1 2 3,Kavala,rouge
1 2 3,Kavala,violet
1 2 3,Komotini,rouge
10h,Denmark,rouge
10h,Denmark,violet
12h,16h,rouge
12h,Mariehamn Espoo,vert
14h30,Randers,rouge
16h,17h,rouge
16h,6h30min,rouge
16h,Ionian Sea,rouge
16h,Katakolo,rouge
16h,Katakolo,vert
16h,Keila Paldiski Kloogaranna,vert
16h,Siracusa,rouge
17h,9h30,rouge
17h,9h30min,rouge
17h,Ventspils,rouge
17h,Ventspils,vert
28h30min,Hel,rouge
28h30min,Hel,vert
3h20,14h30,rouge
3h45,Kristiansand,rouge
3h45,Skagen,rouge
4h25 min 14h30min,København Kalundborg København,vert
4h30 min,12h,vert
4h30 min,17h,rouge
4h30 min,Mariehamn Espoo,vert
5h30,Belarus,violet
6h30min,16h,rouge
6h30min,Katakolo,rouge
7YaLT`ǋS 7YaLT`ǋS,Medzilaborce,rouge
7YaLT`ǋS 7YaLT`ǋS,Medzilaborce,violet
7YaLT`ǋS 7YaLT`ǋS,Zagórz,violet
9h30,Västervik,rouge
9h30min,Gotland,rouge
9h30min,Ventspils,rouge
9h30min,Västervik,rouge
9h30min 13h,Palermo,vert
Adana,Iskenderun,rouge
Adana,Tarsus,vert
Adapazarı,Ankara,rouge
Adapazarı,Eski  ehir,rouge
Adjud,Focșani,violet
Aegean Sea,Alonissos,rouge
Aegean Sea,Alonissos,vert
Aegean Sea,Lesvos,rouge
Aegean Sea,Volos,rouge
Afyon,Kütahaya,rouge
Agrigento,Malta,rouge
Agrigento,Malta,vert
Albania,Bar,vert
Albania,Corfu,vert
Alexandria Alexandria,Bulgaria,rouge
Alexandroupolis,Aegean Sea,rouge
Alonissos,Chalkis,rouge
Alonissos,Chios,rouge
Alonissos,Chios,vert
Alvesta,Berga,rouge
Alﬁos Olympia,Chania,rouge
Amasya,Sivas,vert
Andros,Tinos,rouge
Ankara,Adapazarı,rouge
Ankara,Turkey,rouge
Arad,Stara Pazova,violet
Arendal,Kristiansand,rouge
Arlanda  Arlanda,17h,vert
Arlanda  Arlanda,Nynäshamn,rouge
Bacau,Adjud,vert
Bacau,Tecuci,rouge
Bacau,Tecuci,vert
Bacau,Tecuci,violet
Baia Mare,Jibou,violet
Baia Mare,Salva,vert
Banja Luka,Bosnia Herzegovina,violet
Bar,Albania,vert
Bar,Brindisi,vert
Bar,Kicevo,rouge
Batman,Kurtalan,vert
Batman,Malatya,vert
Belarus,Switzerland,rouge
Belarus,Ukraine,rouge
Belarus,Ukraine,vert
Belarus,Ukraine,violet
Beograd,Sarajevo,violet
Berga,Kalmar,rouge
Berga,Kalmar,vert
Bergen,5h30,rouge
Besancon Franche-Comté,Delle,rouge
Besancon Franche-Comté,Moldova,rouge
Besancon Franche-Comté,Moldova,vert
Besancon Franche-Comté,Moldova,violet
Besancon Franche-Comté,Orbe,rouge
Besancon Franche-Comté,Orbe,violet
Bialystok,Hajnówka Hajnówka,rouge
Bialystok,Warszawa,rouge
Biasca,Erzincan,vert
Biasca,Erzurum,rouge
Biasca,Georgia,rouge
Biasca,Gletsch Oberwald,vert
Biasca,Kars,rouge
Bicaz,Onești,rouge
Biharkeresztes,Békéscsaba,violet
Biharkeresztes,Salonta,rouge
Biharkeresztes,Salonta,violet
Bitola,Florina,vert
Black Sea,Karabük,violet
Bologna,Faenza,rouge
Borlänge,Falun,vert
Borlänge,Västerås,vert
Borlänge,terås,vert
Bornholm,Koszalin Kołobrzeg Slupsk Lębork,vert
Bornholm,Koszalin Kołobrzeg Slupsk Lębork,violet
Bornholm,Ustka,vert
Borås,Alvest Markaryd a,rouge
Borås,Alvesta,rouge
Borås,Jönköping,rouge
Borås,Markaryd,rouge
Borås,Skagen Falk,rouge
Borås,Sweden,rouge
Bosnia Herzegovina,Petrovo Novo,violet
Bosnia Herzegovina,Split,rouge
Bosnia Herzegovina,t M tk t v ov ov c k Metkovic,rouge
Botoșani Botoșani,Cristești Jijia Nicolina,violet
Braila,Tandarei,rouge
Brașov Sibiu,Podu Olt,rouge
Brașov Sibiu,Romania Romania,vert
Brindisi,Lecce,vert
Brindisi,Taranto,vert
Bruck a/d Mur Leoben,Graz,rouge
Bruck a/d Mur Leoben,Hodos,rouge
Brunni,Realp,vert
Brunni,Titlis,vert
București,Ruse,rouge
București,Ruse,vert
București,Ruse,violet
Burgas,Edirne,rouge
Burgas,Istanbul,rouge
Burgas,Karnobat,rouge
Burgas,Uzunköprü,rouge
Burgas,Varna,vert
Buzau,Ploiești,vert
Buzau,Ploiești,violet
Buzau,Urziceni,vert
Bușteni,Buzau,violet
Bușteni,Ploiești,violet
Bydgoszcz Torun,Konin,rouge
Békéscsaba,Kiskunfélegyháza,violet
Büren a/Aare,Chavornay,vert
Büren a/Aare,Gruyères,vert
Cacica Cacica,Târgu Neamț,rouge
Cacica Cacica,Târgu Neamț,vert
Caltanisetta,Agrigento,rouge
Caltanisetta,Ragusa Gela,vert
Caransebeș,Târgu Jiu Băile Herculane,rouge
Cassino Latina,Roma,violet
Castelvetrano,Agrigento,vert
Catanzaro,Villa S.Giovanni,rouge
Chalkis,Andros,rouge
Chalkis,Piraeus,rouge
Chalkis,Venizelos,rouge
Chania,Heraklion,rouge
Chania,Heraklion,vert
Chania,Heraklion,violet
Chania,Katakolo,rouge
Chavornay,Black Sea,violet
Chavornay,Gruyères,rouge
Chavornay,Gruyères,vert
Chełm,Hrubieszów,rouge
Chełm,Ukraine,violet
Chios,Andros,rouge
Chios,Andros,vert
Chios,Tinos,rouge
Cierna nad Tisou,Cierna,violet
Ciulniţa,Ruse,violet
Civitavecchia,Fiumicino,rouge
Civril,Isparta Burdur Denizli,rouge
Constața,Eforie Nord Mangalia,rouge
Constața,Lancy-,rouge
Constața,Lancy- Pont-Rouge,vert
Constața,Medgidia,vert
Corabia,Mezdra,rouge
Corfu,6h30min,rouge
Corfu,Lecce,vert
Cottbus,Wegliniec Ruhland Głogów,vert
Crete,Chania,vert
Cristești Jijia Nicolina,Iași,vert
Cristești Jijia Nicolina,Moldova,rouge
Curtea de Argeș Parc Kreţulescu,Pitești,violet
Curtici,Arad,violet
Curtici,Radna,rouge
Cyprus,Heraklion,rouge
Cyprus,Heraklion,vert
Câmpia Turzii,Deva Ilia,rouge
Câmpia Turzii,Radna,violet
Câmpia Turzii,Salonta,violet
Călăraşi,Kardam,rouge
Debrecen,Biharkeresztes,rouge
Debrecen,Biharkeresztes,violet
Deda,Odorhei,violet
Deda,Piatra Neamţ Cluj-Napoca,vert
Deda,Piatra Neamţ Cluj-Napoca,violet
Deda,Sighișoara,rouge
Deda,Sighișoara,vert
Dej,Târgu Mureș,violet
Delle,Besancon Franche-Comté,rouge
Delle,Orbe,rouge
Den Sweden,Varberg,rouge
Denmark,Esbjerg,rouge
Denmark,Switzerland,vert
Diakopto,Kalavrita,rouge
Diakopto,Kalavrita,vert
Dimitrovgrad,Ormenio Ormenio,rouge
Dobrljin,Bosnia Herzegovina,rouge
Dobrljin,Bosnia Herzegovina,violet
Drammen,Sandefjord,rouge
Drobeta-,Vidin Calafat,violet
Dzialdowo,Włocławek,rouge
Edirne,Halkalı Pendik,rouge
Edirne,Pythion,rouge
Edirne,Uzunköprü,rouge
Edirne,Uzunköprü,vert
Eforie Nord Mangalia,Lancy- Pont-Rouge,vert
Eforie Nord Mangalia,Pont-Rouge,rouge
Eforie Nord Mangalia,Povelyanovo  Kaspichan,rouge
Eforie Nord Mangalia,Varna,rouge
Egersund,10h,rouge
Egersund,10h,violet
Egirdir,Cyprus,rouge
Egirdir,Isparta Burdur Denizli,rouge
Egirdir,Karaman,rouge
Egirdir,Konya,rouge
Eksjö,Berga,rouge
Eksjö,Berga,vert
Eksjö,Hultsfred,vert
Enna,Caltanisetta,vert
Eregli,Adapazarı,rouge
Eregli,Haydarpaşa,rouge
Erstfeld,Titlis,rouge
Erzincan,Batman,rouge
Erzincan,Batman,vert
Erzincan,Batman,violet
Erzincan,Biasca,rouge
Erzincan,Erzurum,rouge
Erzincan,Malatya,vert
Erzincan,Sivas,rouge
Erzurum,Batman,rouge
Erzurum,Erzincan,rouge
Erzurum,Tatvan,vert
Eski  ehir,Kütahaya,rouge
Eski  ehir,Kütahaya,violet
Eski  ehir,Turkey,rouge
Eskilstuna,Katrineholm,rouge
Estonia,Viljandi,rouge
Falköping,Jönköping,violet
Falköping,Trollhättan Uddevalla Skövde,rouge
Falun,Borlänge,vert
Falun,Gävle,vert
Falun,Ludvika,vert
Faurei,Urziceni,vert
Fetești,Kardam,rouge
Fetești,Medgidia,rouge
Firenze,Chiusi,rouge
First,Scheidegg Schilthorn,rouge
Florina,Kalambáka,rouge
Florina,Kalambáka,vert
Florina,Véria,rouge
Flåm,Nordagutu,rouge
Focșani,Bușteni,vert
Focșani,Bușteni,violet
Foggia,Cervaro,violet
Formia Benevento Caserta,Cassino Latina,rouge
Frankfurt a/d Oder,Cottbus,vert
Frankfurt a/d Oder,Rzepin,vert
Frederikshavn,14h30,rouge
Frederikshavn,Ålborg Ålborg g,rouge
Galați,Tulcea,rouge
Gaziantep,Meydanekbez,vert
Gaziantep,Nusaybin,rouge
Gaziantep,Nusaybin,vert
Gdansk ´,Elbląg,rouge
Gdansk ´,Elbląg,vert
Gdynia,Gdansk ´,vert
Gdynia,Tczew,vert
Georgia,Biasca,rouge
Georgia,Biasca,vert
Georgia,Russia,rouge
Gevgelija Xanthi Drama,Kocani,vert
Gevgelija Xanthi Drama,Thessaloniki Edessa,rouge
Giurgiu Nord,Gorna,vert
GiǏycko,Suwałki,violet
GiǏycko,Szczytno,rouge
Gletsch Oberwald,Erzincan,rouge
Gletsch Oberwald,Samsun,vert
Goleşti,Curtea de Argeș Parc Kreţulescu,violet
Gorna,Orjahovitza,vert
Gorna,Veliko Tarnovo,violet
Gotland,28h30,rouge
Gotland,28h30min,rouge
Gotland,28h30min,vert
Gotland,Oskarshamn,vert
Graz,Hodos,rouge
Grong,Trondheim,vert
Grong,Östersund,vert
Grosseto,Orvieto,rouge
Gruyères,Black Sea,rouge
Gruyères,Chavornay,vert
Gruyères,Chavornay,violet
Gruyères,Wilderswil,vert
Győr,Veszprém,violet
Gävle,4h30 min,rouge
Gävle,Långnäs Naantali Torsby,vert
Gävle,Uppsala,vert
Göteborg,3h20,rouge
Hajnówka Hajnówka,Belarus,violet
Hajnówka Hajnówka,Terespol,rouge
Halkalı Pendik,Manisa,violet
Halkalı Pendik,Mytilene,rouge
Halkalı Pendik,Uzunköprü,rouge
Hallsberg,Katrineholm,rouge
Hallstatt,Bischofs- hofen Selzthal,rouge
Hallstatt,ichae,rouge
Halmeu,Valea,vert
Halmeu,Valea,violet
Harder Kulm,Wilderswil,rouge
Haydarpaşa,Halkalı Pendik,rouge
Haydarpaşa,Istanbul,rouge
Haydarpaşa,Izmit,rouge
Hel,Elbląg,vert
Hel,Gdansk ´,rouge
Hel,Gdansk ´,vert
Hel,Gdynia,rouge
Heraklion,Cyprus,rouge
Heraklion,Cyprus,vert
Heraklion,Cyprus,violet
Hirtshals Hjørring,Denmark,violet
Hirtshals Hjørring,Thisted,rouge
Hoting,Östersund,vert
Hultsfre Eksjö d,Karlshamn,violet
Hultsfre Eksjö d,Nässjö,rouge
Hultsfred,Berga,vert
Iași,Roman,rouge
Iași,Roman,violet
Idomeni,Thessaloniki Edessa,rouge
Idomeni,Véria,rouge
Idomeni,Véria,vert
Igoumenitsa,6h30min,rouge
Ikaria,Mykonos Mykonos,rouge
Ilawa,Bydgoszcz Torun,rouge
Ilawa,Bydgoszcz Torun,vert
Ilawa,Dzialdowo,rouge
Inowroclaw,Konin,rouge
Inowroclaw,Konin,vert
Inowroclaw,Konin,violet
Inowroclaw,Poland,rouge
Ionian Sea,Reggio Calabria,rouge
Ionian Sea,Siracusa,rouge
Ios,Crete,vert
Iskenderun,Cyprus,rouge
Isparta Burdur Denizli,Civril,rouge
Isparta Burdur Denizli,Kalymnos Kalymnos,rouge
Isparta Burdur Denizli,Tire,rouge
Istanbul,Halkalı Pendik,rouge
Istanbul,Haydarpaşa,rouge
Italy,Formia Benevento Caserta,rouge
Izmir,Patmos Patmos Ikaria,rouge
Izmir,Samos,rouge
Izmit,Kütahaya,rouge
Jibou,Zalău Nord,violet
Jönköping,Borås,rouge
Jönköping Nässjö,Berga,vert
Jönköping Nässjö,Sweden,vert
Kalambáka,Igoumenitsa,vert
Kalambáka,Trikala,vert
Kalavrita,Alﬁos Olympia,rouge
Kalavrita,Patras Athinai,rouge
Kalmar,Öland,vert
Kalymnos Kalymnos,11h50min,rouge
Kalymnos Kalymnos,Isparta Burdur Denizli,rouge
Kalymnos Kalymnos,Kos,rouge
Kapellskär,Nynäshamn,vert
Kapıkule,Edirne,rouge
Karabük,Adapazarı,rouge
Karabük,Ankara,rouge
Karabük,Eregli,rouge
Karabük,Samsun,vert
Karabük,Çankiri,rouge
Karabük,Ìrmak,rouge
Karaman,Cyprus,rouge
Karaman,Egirdir,rouge
Kardam,Călăraşi,rouge
Kardam,Eforie Nord Mangalia,rouge
Kardam,Varna,rouge
Karjaa Hanko,Keila Paldiski Kloogaranna,rouge
Karjaa Hanko,Keila Paldiski Kloogaranna,vert
Karlskrona Kristianstad,10h30min,vert
Karlskrona Kristianstad,Simrishamn Ystad,violet
Karlstad,Kristinehamn,rouge
Karlstad,Laxå,vert
Karlstad,Ludvika,rouge
Karlstad,Vänern,rouge
Karnobat,Kapıkule,rouge
Karnobat,Stara Zagora Dimitrovgrad,rouge
Kastanies,1 2 3,rouge
Kastanies,Pythion,rouge
Kastrup,9h 6h,vert
Kastrup,Trelleborg,rouge
Katakolo,16h,vert
Katakolo,Alﬁos Olympia,vert
Katakolo,Chania,rouge
Katakolo,Chania,vert
Katrineholm,Norrköping Nyköping,vert
Kavala,Aegean Sea,vert
Keila Paldiski Kloogaranna,17h,vert
Keila Paldiski Kloogaranna,Turba Türi,rouge
Kicevo,Albania,rouge
Kicevo,Albania,vert
Kicevo,Bitola,rouge
Kicevo,Corfu,vert
Kielce,Rzeszów,rouge
Kielce,Rzeszów,violet
Kil,Karlstad,vert
Kil,Laxå,vert
Kil,Vänern,violet
Kiáto,Patras Athinai,rouge
Klaipėda,Russia,rouge
Kleine,Kleine Scheidegg,rouge
Kleine,Scheidegg Schilthorn,rouge
Kleine,Schilthorn,rouge
Kleine Scheidegg,Gletsch Oberwald,rouge
Kleine Scheidegg,Kleine,rouge
Kleine Scheidegg,Scheidegg Schilthorn,rouge
Koluszki,SkarǏysko- Kamienna,violet
Komotini,Alexandroupolis,rouge
Komotini,Alexandroupolis,vert
Kongsberg,Neslandsvatn,rouge
Kongsvinger,Charlottenberg,vert
Kongsvinger,Torsby,vert
Konin,Poland,rouge
Konin,Poland,vert
Konya,Egirdir,rouge
Konya,Karaman,rouge
Korinthos,Chania,rouge
Kosovo,Kicevo,rouge
Kosovo,Kicevo,vert
Kosovo Polje,Bar,vert
Kosovo Polje,Kosovo,rouge
Kosovo Polje,Montenegro Montenegro,vert
Kostrzyn,Rzepin,vert
Kostrzyn,Zielona Góra,vert
Koszalin Kołobrzeg Slupsk Lębork,.KHǉZR,violet
Kraków,Rzeszów,violet
Kristiansand,Hirtshals Hjørring,rouge
Kristiansand,Hirtshals Hjørring,violet
Kristiansand,Thisted,rouge
Krosno,Zagórz,vert
Krynica-,Zdrój Krynica- Zdrój,rouge
Kulata,Gevgelija Xanthi Drama,rouge
Kutno,Koluszki,rouge
Kutno,Koluszki,vert
Kutno,Warszawa,rouge
Kybartai,GiǏycko,rouge
Kysak Poprad-Tatry,Miskolc,rouge
København Kalundborg København,Malmö,vert
Kütahaya,Civril,rouge
Kütahaya,Civril,violet
Lancy-,Black Sea,rouge
Lancy-,Lancy- Pont-Rouge,rouge
Lancy-,Pont-Rouge,rouge
Lancy-,Pont-Rouge,vert
Lancy-,Zonguldak,rouge
Lancy-,Zonguldak,violet
Lancy- Pont-Rouge,Pont-Rouge,violet
Larissa,Trikala,vert
Larvik,3h45,rouge
Larvik,Langesund,rouge
Laxå,Skövde,vert
Lecce,Corfu,vert
Lecce,Cosenza Crotone,rouge
Lecce,Cosenza Crotone,violet
Lecce,Ionian Sea,violet
Lecce,Taranto,vert
Lentini,Noto,rouge
Leros,Kalymnos Kalymnos,rouge
Lesvos,Andros,vert
Lesvos,Chios,rouge
Lesvos,Chios,vert
Lianokladion,Diakopto,vert
Liberec,Jelenia Góra,vert
Liepāja,Mažeikiai,rouge
Linköping,Motala,rouge
Linköping,Nässjö,rouge
Linköping,Västervik,rouge
Lublin,Radom,rouge
Ludvika,Västerås,vert
Ludvika,terås,vert
Lugoj,Buziaș,violet
Lugoj,Petroșani,violet
Lugoj,Reșița,violet
Lugoj,Stamora Motavița,violet
Långnäs Naantali Torsby,Kapellskär,vert
Långnäs Naantali Torsby,Uppsala,rouge
Långnäs Naantali Torsby,Uppsala,vert
Macedonia North Macedonia,Bitola,vert
Malatya,Batman,vert
Malta,Chania,rouge
Manfredonia Bosco Redole,Cervaro,violet
Manfredonia Bosco Redole,Rocchetta S.A.L.,violet
Manisa,Civril,rouge
Manisa,Izmir,violet
Marcinkonys,Belarus,rouge
Marcinkonys,Belarus,vert
Marcinkonys,Hajnówka Hajnówka,rouge
Marcinkonys,Hajnówka Hajnówka,vert
Marcinkonys,Hajnówka Hajnówka,violet
Mariehamn Espoo,16h,vert
Mariehamn Espoo,18h,rouge
Mariehamn Espoo,18h,vert
Marsala Alcamo,Agrigento,vert
Marsala Alcamo,Castelvetrano,vert
Marsala Alcamo,Trapani,vert
Mažeikiai,Klaipėda,rouge
Mažeikiai,Russia,rouge
Medgidia,Constața,rouge
Medgidia,Constața,vert
Medgidia,Eforie Nord Mangalia,rouge
Medgidia,Kardam,rouge
Mediaș,Brașov Sibiu,rouge
Mediaș,Brașov Sibiu,vert
Medyka Tarnów,Zagórz,rouge
Medyka Tarnów,Zagórz,violet
Medzilaborce,Cierna,violet
Mersin,Cyprus,vert
Mersin,Iskenderun,rouge
Mezdra,Septemvri,rouge
Miercurea Ciuc Odorhei Mărășești,Odorhei,rouge
Miskolc,Nyíregyháza Eger,rouge
Modena Reggio Emilia Ferrara,Faenza,rouge
Modica,Malta,vert
Modica,Noto,vert
Moldova,Tecuci,violet
Montenegro Montenegro,Bar,vert
Montenegro Montenegro,Kosovo Polje,vert
Montenegro Montenegro,Podgorica,vert
Moss,Larvik,rouge
Mostar,t M tk t v ov ov c k Metkovic,violet
Motala,Hultsfre Eksjö d,rouge
Motala,Jönköping,violet
Motala,Nässjö,rouge
Motala,Vättern,rouge
Mytilene,Lesvos,rouge
Mytilene,Manisa,rouge
Neslandsvatn,Sira,rouge
Neustrelitz,Pasewalk,vert
Nis,Soﬁa,violet
Nis,Tabanovce,rouge
Nis,Zvecan Zvecan,vert
Nordagutu,Neslandsvatn,rouge
Norrköping,Linköping,rouge
Norrköping,Västervik,rouge
Norrköping Nyköping,Västervik,vert
North,Kicevo,vert
Noto,Katakolo,rouge
Noto,Malta,rouge
Noto,Modica,rouge
Noto,Modica,vert
Novi Sad,Sid,violet
Novi Sad,Vinkovci,rouge
Nusaybin,Gaziantep,rouge
Nyköping,Norrköping,rouge
Nynäshamn,9h30min,vert
Nynäshamn,Nyköping,rouge
Nässjö,Hultsfre Eksjö d,rouge
Odorhei,Predeal,rouge
Odorhei,Predeal,violet
Odorhei,Sfântu Gheorghe,violet
Olsztyn,Warszawa,rouge
Onești,Miercurea Ciuc Odorhei Mărășești,rouge
Onești,Odorhei,violet
Orbe,Black Sea,violet
Orbe,Chavornay,vert
Orbe,Chavornay,violet
Orbe,Constața,vert
Orbe,Constața,violet
Orbe,Lancy-,vert
Ormenio Ormenio,Kavala,rouge
Osijek,Vinkovci,rouge
Oskarshamn,28h30min,rouge
Oskarshamn,28h30min,vert
Oskarshamn,Gotland,vert
Oskarshamn,Öland,vert
Ostrów Wlkp. Kalisz Lódz,Koluszki,vert
Otta,Lillehammer,vert
Paleofársalos,Lamia,rouge
Palermo,Castelvetrano,vert
Palermo,Marsala Alcamo,vert
Paros,Crete,rouge
Pasewalk,Neustrelitz,vert
Patmos Patmos Ikaria,Leros,rouge
Patras Athinai,Kiáto,rouge
Perkovic Sibenik,Termoli,violet
Petroșani,Caransebeș,rouge
Piatra Neamţ Cluj-Napoca,Târgu Mureș,vert
Piatra-,Piatra- Olt,rouge
Piombino,Grosseto,rouge
Piraeus,Korinthos,rouge
Plavec,Kosice,rouge
Pleven Gorna Orjahovitza,Bulgaria,rouge
Ploce,tic,violet
Ploiești,Titu,violet
Plovdiv,Bansko Dobrinishte,rouge
Plovdiv,Kavala,rouge
Podu Olt,Curtea de Argeș Parc Kreţulescu,violet
Poland,Ostrów Wlkp. Kalisz Lódz,rouge
Poland,Ostrów Wlkp. Kalisz Lódz,vert
Pont-Rouge,Eregli,rouge
Pont-Rouge,Istanbul,rouge
Pont-Rouge,Varna,vert
Pont-Rouge,Zonguldak,rouge
Pont-Rouge,Zonguldak,vert
Povelyanovo  Kaspichan,Burgas,rouge
Povelyanovo  Kaspichan,Karnobat,rouge
Povelyanovo  Kaspichan,Varna,rouge
Predeal,Bușteni,violet
Pristina Pristina,Kosovo Polje,vert
Pristina Pristina,Montenegro Montenegro,vert
Pyrgos,Alﬁos Olympia,rouge
Pyrgos,Katakolo,vert
Pythion,Komotini,rouge
Pythion,Uzunköprü,rouge
Pécs Baja,Osijek,violet
Radna,Arad,violet
Radna,Curtici,violet
Radna,Deva Ilia,violet
Radna,Recaș,rouge
Radom,SkarǏysko- Kamienna,rouge
Ragusa Gela,Modica,vert
Rakvere,Tapa,vert
Realp,Biasca,rouge
Recaș,Buziaș,rouge
Reggio Calabria,Siracusa,rouge
Reșița,Anina Oravița,rouge
Rigi,Erstfeld,rouge
Rocchetta S.A.L.,Salerno,violet
Roma,Cassino Latina,rouge
Roman,Bacau,vert
Roman,Bacau,violet
Roman,Onești,violet
Roman,Tecuci,vert
Ruse,Gorna,vert
Russia,Erstfeld,rouge
Russia,Georgia,rouge
Russia,Rigi,rouge
Russia,Rigi,vert
Rzepin,Zielona Góra,vert
Rzeszów,7YaLT`ǋS 7YaLT`ǋS,violet
Rzeszów,Krosno,vert
Rzeszów,Medyka Tarnów,violet
Røros,Sveg,vert
Røros,Sweden Sweden Norway,vert
Røros,Tynset Dombås,rouge
Rīga,Aizkraukle Jelgava,rouge
Rīga,Aizkraukle Jelgava,vert
Rīga,Šiauliai,rouge
Salgótarján,Nyíregyháza Eger,rouge
Salo,Karjaa Hanko,vert
Salonta,Curtici,rouge
Salonta,Câmpia Turzii,violet
Salonta,Radna,violet
Salva,Deda,vert
Samos,Mykonos Mykonos,rouge
Samos,Patmos Patmos Ikaria,rouge
Samsun,Amasya,rouge
Samsun,Amasya,vert
Samsun,Erzincan,rouge
Samsun,Karabük,vert
Samsun,Sivas,rouge
Samsun,Sivas,vert
Samsun,Sivas,violet
Sandefjord,Larvik Sandefjord,vert
Sandomierz,Kielce,rouge
Sarajevo,Mostar,violet
Sassnitz,Ǌ^PUV\QǋJPL,vert
Satu Mare,Jibou,vert
Scheidegg Schilthorn,Kleine Scheidegg,rouge
Scheidegg Schilthorn,Schilthorn,rouge
Schilthorn,Gruyères,violet
Schilthorn,Samsun,rouge
Septemvri,Bansko Dobrinishte,rouge
Serbia  Serbia,Zvecan Zvecan,vert
Sfântu Gheorghe,Sinaia,rouge
Sibari,Cosenza Crotone,rouge
Sid,Beograd,rouge
Sid,Doboj,violet
Sighișoara,Brașov Sibiu,rouge
Sighișoara,Podu Olt,rouge
Sighișoara,Sfântu Gheorghe,rouge
Simrishamn Ystad,9h 6h,vert
Simrishamn Ystad,Trelleborg,vert
Sinaia,Ploiești,violet
Sira,10h,rouge
Sira,Egersund,rouge
Sira,Neslandsvatn,rouge
Siracusa,16h,rouge
Siracusa,Noto,rouge
Siracusa,Noto,vert
Sivas,Amasya,rouge
Sivas,Erzincan,violet
Sivas,Samsun,rouge
Sivas,Çetinkaya,rouge
Sivas,Çetinkaya,vert
Skagen,Hirtshals Hjørring,rouge
Skagen,Skagen Falk,violet
Skagen,Ålborg Ålborg g,rouge
Skagen Falk,Borås,violet
Skopje,North,vert
Skopje,Veles,rouge
Skulte,Rīga,rouge
Skövde,Vättern,rouge
Skövde,Vättern,vert
Split,Ploce,rouge
Split,t M tk t v ov ov c k Metkovic,rouge
Stalowa Wola,Sandomierz,rouge
Stamora Motavița,Novi Sad,violet
Stara Pazova,Beograd,violet
Stara Zagora Dimitrovgrad,Dimitrovgrad,rouge
Stavanger Stavanger,Egersund,rouge
Steinkjer,Storlien Molde,rouge
Steinkjer,Storlien Molde,vert
Steinkjer,Trondheim,vert
Storlien Molde,Tynset Dombås,rouge
Storlien Molde,Åndalsnes,vert
Strba Strba,Slovakia Slovakia,violet
Strimon,Aegean Sea,rouge
Strimon,Thessaloniki Edessa,rouge
Strizivojna Vinkovci,Banja Luka,violet
Strizivojna Vinkovci,Dobrljin,violet
Subotica,Novi Sad,rouge
Subotica,Novi Sad,violet
Suceava,Iași,violet
Suceava,Târgu Neamț,rouge
Sveg,Borlänge,vert
Sveg,Falun,vert
Sveg,Sweden Sweden Norway,vert
Sveg,Torsby,vert
Svilengrad,1 2 3,rouge
Svilengrad,1 2 3,violet
Svilengrad,Kavala,rouge
Sweden,Berga,vert
Sweden,Markaryd,vert
Sweden Sweden Norway,Gjøvik Elverum Mora Myrdal,rouge
Switzerland,Besancon Franche-Comté,rouge
Switzerland,Besancon Franche-Comté,violet
Switzerland,Ukraine,vert
Switzerland,Ukraine,violet
Syros Syros,Paros,rouge
Söderhamn,Falun,vert
Söke,Kalymnos Kalymnos,rouge
Söke,Leros,rouge
Tabanovce,Kocani,rouge
Tabanovce,Kosovo,rouge
Tabanovce,Skopje,rouge
Tabanovce,Veles,vert
Tallinn,Tapa,rouge
Tallinn,Tapa,vert
Tandarei,Ciulniţa,violet
Tandarei,Călăraşi,rouge
Tandarei,Fetești,rouge
Tandarei,Medgidia,violet
Taormina,Catania,rouge
Tapa,Estonia,rouge
Tapa,Estonia,vert
Tarsus,Mersin,rouge
Tatvan,Batman,vert
Tecuci,Galați,rouge
Tecuci,Moldova,violet
Teiuș,Alba Iulia Alba Iulia,vert
Terespol,Chełm,rouge
Terespol,Lublin,rouge
Terespol,Ukraine,violet
Termoli,Sulmona Avezzano,violet
Thessaloniki Edessa,Volos,rouge
Thessaloniki Edessa,Véria,rouge
Timișoara Timișoara,Buziaș,violet
Timișoara Timișoara,Stara Pazova,violet
Tire,11h50min,rouge
Tire,Söke,rouge
Titlis,Realp,rouge
Toka,Debrecen,violet
Trapani,Malta,vert
Trapani,Marsala Alcamo,vert
Trelleborg,9h 6h,rouge
Trelleborg,9h 6h,vert
Trelleborg,Sassnitz,rouge
Trelleborg,Sassnitz,vert
Trikala,Paleofársalos,rouge
Trollhättan,Borås,rouge
Trollhättan,Borås,vert
Trollhättan,Skagen Falk,violet
Trollhättan Uddevalla Skövde,Borås,rouge
Trondheim,Røros,rouge
Trondheim,Røros,vert
Trondheim,Storlien Molde,rouge
Trondheim,Storlien Molde,vert
Trondheim,Sveg,vert
Trondheim,Sweden Sweden Norway,vert
Tukums,Mažeikiai,rouge
Tukums,Ventspils,vert
Tukums,Šiauliai,rouge
Tulcea,Braila,violet
Tulcea,Ciulniţa,violet
Tulcea,Constața,violet
Tulcea,Medgidia,vert
Tulcea,Orbe,vert
Tulcea,Orbe,violet
Turba Türi,Estonia,vert
Turba Türi,Viljandi,rouge
Turkey,Afyon,rouge
Turkey,Egirdir,violet
Turku,Salo,vert
Tynset Dombås,Otta,rouge
Tynset Dombås,Otta,vert
Târgoviște Târgoviște Reșița,Corabia,rouge
Târgu Mureș,Mediaș,vert
Târgu Neamț,Bistrița Nord Pașcani,rouge
Târgu Neamț,Iași,violet
Târgu Neamț,Onești,rouge
Târgu Neamț,Roman,rouge
Târgu Neamț,Vatra Dornei,violet
Uddevalla,Trollhättan,vert
Ukraine,Besancon Franche-Comté,violet
Ukraine,Cristești Jijia Nicolina,vert
Ukraine,Switzerland,rouge
Ukraine,Switzerland,vert
Ukraine,Valea,violet
Ukraine,Vicsani,rouge
Ukraine,Vicsani,violet
Uppsala,Arlanda  Arlanda,rouge
Uppsala,Kapellskär,rouge
Urziceni,București,vert
Urziceni,Tandarei,violet
Ustka,Koszalin Kołobrzeg Slupsk Lębork,vert
Ustka,Koszalin Kołobrzeg Slupsk Lębork,violet
Uzunköprü,Halkalı Pendik,rouge
Uzunköprü,Mytilene,rouge
Valea,Cacica Cacica,rouge
Valea,Valea Vișeului,rouge
Valea,Valea Vișeului,vert
Valea,Vicșani,violet
Valea Vișeului,Viseului,rouge
Valea Vișeului,Viseului,vert
Varberg,Sweden,rouge
Varna,Burgas,rouge
Varna,Burgas,vert
Varna,Istanbul,rouge
Varna,Povelyanovo  Kaspichan,rouge
Vatra Dornei,Bicaz,vert
Vatra Dornei,Bicaz,violet
Vatra Dornei,Deda,rouge
Veles,Bitola,rouge
Veles,Idomeni,rouge
Veles,North,vert
Veliko Tarnovo,Karnobat,vert
Veliko Tarnovo,Tulovo,violet
Ventspils,Gotland,vert
Ventspils,Liepāja,rouge
Ventspils,Liepāja,vert
Ventspils,Tukums,rouge
Vicsani,Botoșani Botoșani,violet
Vicșani,Cacica Cacica,vert
Vicșani,Suceava,violet
Vicșani,Valea,violet
Videle,Alexandria Alexandria,violet
Videle,Giurgiu Nord,violet
Vidin Calafat,Mezdra,rouge
Vidin Calafat,Nis,rouge
Vidin Calafat,Soﬁa,violet
Viljandi,Skulte,rouge
Viljandi,Skulte,vert
Villa S.Giovanni,Reggio Calabria,rouge
Vinkovci,Doboj,violet
Viseului,Vatra Dornei,rouge
Volos,Chalkis,rouge
Volos,Lamia,rouge
Volos,Paleofársalos,rouge
Vänern,Laxå,vert
Vänern,Skövde,rouge
Vänern,Skövde,vert
Vänern,Vättern,vert
Västervik,Norrköping,rouge
Västervik,Oskarshamn,vert
Västerås,Hallsberg,rouge
Västerås,terås,vert
Vättern,Jönköping Nässjö,rouge
Vättern,Jönköping Nässjö,vert
Véria,Kalambáka,rouge
Véria,Kalambáka,vert
Warszawa,Lublin,rouge
Wilderswil,Gruyères,rouge
Wilderswil,Schilthorn,rouge
Zagórz,7YaLT`ǋS 7YaLT`ǋS,vert
Zakopane,Strba Strba,violet
Zamość,7YaLT`ǋS 7YaLT`ǋS,rouge
Zdrój Krynica- Zdrój,Plavec,rouge
Zonguldak,Eregli,rouge
Zonguldak,Haydarpaşa,rouge
Zonguldak,Karabük,rouge
Zonguldak,Pont-Rouge,violet
Zvecan Zvecan,Kosovo Polje,vert
Zvecan Zvecan,Pristina Pristina,vert
nad Tisou,Toka,violet
t M tk t v ov ov c k Metkovic,Mostar,rouge
t M tk t v ov ov c k Metkovic,Ploce,violet
terås,Eskilstuna,rouge
Ålborg Ålborg g,14h30,rouge
Åndalsnes,Otta,vert
Ånge,Sveg,vert
Ånge,Östersund,vert
Çankiri,Ìrmak,rouge
Çetinkaya,Malatya,vert
Ìrmak,Ankara,rouge
Ìrmak,Kirikkale,violet
Öland,10h30min,vert
Östersund,Røros,vert
Östersund,Sveg,vert
Östersund,Ånge,vert
Šiauliai,Lithuania Lithuania,vert
